Word,"Sentences for the Word that are used in tests to fill in the blanks with the Word. Make the sentences grade appropriate. K-2 3 sentences, 3-8 is 5 senteces.",DO NOT FILL THIS COLUMN FOR VERSION 1. Alternate words used in tests for sentence completion (need 3 words for every sentence),Definition for the Word for used in tests to match the Word with its definition. Use definition that is grade approprite.,Spelling alternatives used in tests on spelling. Search to see if we can get examples of common mis-spellings. WE NEED 3 MISSPELLINGS.,Synonyms. These do not need to grade specific.,Antonyms. These do not need to grade specific.,Homonyms. These do not need to grade specific.,Audio file with correct American pronounciation.,Picture
Authority,The king had absolute authority over his subjects. ,"command, strength, charge","(n.) the power or right to give orders, make decisions, and enforce obedience; a person or body of people with power; an expert",Authority,,,,,
,My friends did not like how the teacher was trying to exert his authority over his students.,"command, license, prestige",,Athority,,,,,
,He spoke as if he was some sort of authority on the subject.,"genius, teacher, influence",,Authoritee,,,,,
,Henry was not used to having this authority challenged.,"power, control, dominion",,Authoriti,,,,,
,Sarah did not have the authority to fire employees at the firm.,"rights, force, credit",,Athoritee,,,,,
,"When my mother was a child, she never questioned the authority of her parents.","rule, permission, force",,Athoriti,,,,,
,"In many schools, the principal is regarded as the utmost authority figure.","power, government, jurisdiction",,Ethority,,,,,
,Substitute teachers always excessively try to exert authority over the whole classroom.,"dominion, mastery, rule",,Uthoritee,,,,,
,"If I ever challenge my mother's authority, she starts to go off on a tangent about my disrespect.","authorization, influence, command",,Athorettee,,,,,
,Lower level employees do not have the authority to answer questions about highly confidential projects.,"right, charge, force",,Autoritty,,,,,
Advocate,Larry tries to play devils advocate in all conversations to start arguments,"campaigner, defender, lawyer",(v.) to speak or write in favor of; support or urge by argument; recommend publicly,Advocat,,,,,
,My friends and I are all strong advocates for equality among girls and boys.,"promoters, supporters, champions","(n.) a person who speaks or writes in support or defense of a person, cause, etc. (usually followed by of)",Advocate,,,,,
,Any good doctor will advocate healthy eating for his patients.,"campaign for, defend, encourage",,Edvocait,,,,,
,"Since Jason is an advocate of living a healthy life, I find it quite surprising he smokes cigarettes.","supporter, attorney, counsel",,Edvocate,,,,,
,"As a teacher, I am a strong advocate for more parent involvement in schools.","proposer, speaker, campaigner",,Advocait,,,,,
,"Rather than complain about the laws of your country, you should advocate for them to be changed.","favor, justify, press for",,Advokait,,,,,
,"Because my lawyer was such a fierce advocate for me, I won my court case.","defender, supporter, promoter",,Advokate,,,,,
,"Speakers advocate trying new methods to increase sales, improve margins.","recommend, support, push",,Addvocate,,,,,
,"If you don't like it, advocate for changing it, not canceling it.","propose, promote, further",,Aidvocat,,,,,
,"What she really is is an advocate, not a leader.","spokesperson, upholder, proposer",,Advoccate,,,,,
Agile,Ballerinas are supposed to be agile to dance to the best of their ability,"quick, rapid, sharp",(adj.) quick and well-coordinated in movement; lithe,Agile,,,,,
,"However, being the child of parents who spent their working lives in foreign postings, I became socially very agile.","limber, lithe, energetic",,Agil,,,,,
,"In fact, monkeys are very agile climbers, using their long tails to balance.","supple, sharp, buoyant",,Agayle,,,,,
,"All cats are nimble and agile, and their long tails aid their outstanding balance.","sprightly, spirited, athletic",,Ajile,,,,,
,"The mind is not as agile as it once was as someone ages, even at the ripe old age of 34.","lithe, lively, active",,Ajil,,,,,
,"Mustangs are wild, tough and agile.","athletic, energetic, brisk",,Ejil,,,,,
,The university's mission is to develop leaders through agile and innovative programs embracing theory and practice.,"athletic, bustling, acute",,Ejile,,,,,
,The lacemaker's wrinkled hands are surprisingly agile.,"alert, dexterous, clever",,Egile,,,,,
,"Nutria are large, web-footed rodents that are more agile in the water than on land.","sprightly, rapid, alert",,Egil,,,,,
,We need to evolve and keep our minds and bodies agile.,"energetic, bustling, spirited",,Ajayl,,,,,
Abet,"He could not but view Ali in the light of an accomplice, because if, as he protested, he did not abet the murderers, yet he took them under his protection.","assist, advocate, endorse","(v.) to encourage, support, or countenance by aid or approval, usually in wrongdoing",Abet,,,,,
,You are certainly not abetting the person breaking into your system.,"incite, instigate, spur",,Abit,,,,,
,The photo editing software is sure to abet my odds of winning the photo competition.,"advocate, prod, endorse",,Ahbet,,,,,
,Can you believe the community has decided to abet crime by not giving the police the names of suspected gang members?,"condone, urge, instigate",,Ahbit,,,,,
,Giving the dog a treat is a way to abet his obedience.,"provoke, support, goad",,Abhet,,,,,
,"During the press conference, the president vowed severe consequences for any person or group who chose to abet the terrorists.","sanction, incite, prod",,Abhit,,,,,
,"To abet continued gaming, most casinos provide guests with frequent player rewards.","encourage, support, assist",,Ahbhet,,,,,
,"Although Carol claims to support Jay’s filmmaking efforts, she has done nothing to abet his goals.","advocate, spur, endorse",,Ahbhit,,,,,
,Isn’t it rather ironic that a doctor would go out of his way to abet a suicide?,"back, promote, support",,Ehbet,,,,,
,"The grandmother was arrested for trying to abet her grandson, a prison escapee.","prod, urge, encourage",,Ebet,,,,,
Accord,"The tears stopped of their own accord after a while, and the calm of her mind brought back her focus.","deal, conformity, rapport","(v.) to be in agreement or harmony; agree; to make agree or correspond; adapt; to grant; bestow
",Accord,,,,,
,The parasympathetic division works in accord with mute right-brain intuition.,"reconciliation, congruence, correspondence",(n.) proper relationship or proportion; harmony,Acord,,,,,
,"In accord with his wishes, the logo was engraved on his tombstone.","pact, harmony, sympathy",,Acorrd,,,,,
,"Yet these reforms are necessary, and they will not happen of their own accord.","deal, concurrence, unanimity",,Accard,,,,,
,Apple's products were designed to accord with the boss's tastes and to meet his obsessively high standards.,"agree, correspond, assent",,Acard,,,,,
,But the economists argue that this approach to measuring hunger also does not accord with how people themselves think about it.,"conform, affirm, fit",,Acarrd,,,,,
,"This was rejected, however, and full constitutional recognition was accorded to them.","bestow, give, accede",,Uccord,,,,,
,The necklace suggests that the deceased had been accorded high status.,"confer, acquiesce, admit",,Uccard,,,,,
,"We will not, by fasting, accord him a dignity and sensitivity that he does not possess.","present, allow, award",,Ucarrd,,,,,
,Uncritical compliments are not in accord with the facts.,"rapport, sympathy, treaty",,Ucard,,,,,
Adept,"While Fred, and to a lesser extent Cynthia, had solved cryptograms in the newspaper, neither were particularly adept at it.","accomplished, capable, deft","(adj.) very skilled; proficient; expert
",Adept,,,,,
,It doesn't look like you're all that adept at talking to him either.,"proficient, adroit, skilled",,Addept,,,,,
,"Indeed, the human brain is more adept at comparing lengths than areas.","skillful, sharp, expert",,Adeppt,,,,,
,"Daily training at these schools was focused on becoming adept in the use of the sword, bow and arrow, spear and tonki.","quick, smooth, whiz",,Adipt,,,,,
,He became so adept with the brush that his paintings show more spontaneity than most of his contemporaries.,"skillful, versed, clean",,Addipt,,,,,
,"One of America's most lucid critics of poetry, uniquely adept at close reading, is also among the genre's great advocates.","capable, proficient, quick",,Adippt,,,,,
,Few societies would be as adept at handling these events with as much social cohesion.,"accomplished, deft, expert",,Ahdept,,,,,
,"While her books are not overly descriptive, they are adept in conveying sense of place.","sharp, versed, adroit",,Ahdeppt,,,,,
,"The brand, actually, has become pretty adept at coming up with wraps that celebrate various holidays.","proficient, smooth, whiz",,Ahddept,,,,,
,"Dogs, those self-domesticated wolves, are adept at manipulating their chosen companions.","dexterous, masterly, accomplished",,Uhdept,,,,,
Allot,,"allot, assign, designate",(v.) to divide or distribute by share or portion; distribute or parcel out; apportion; to appropriate for a special purpose,Allot,,,,,
,"Ben will allot them each a fortress within this small kingdom, and then the game can begin.","appoint, apportion, distribute",,Ahlot,,,,,
,You can even allot more bandwidth to movie files so the picture won't stutter.,"appropriate, budget, cut",,Ahlott,,,,,
,"Instead of giving cash to local operators on trafficking routes, they would allot them a share of the shipment.","share, slice, distribute",,Ulot,,,,,
,Intent and effort toward holistic living is more important than trying to allot equal time to different parts of life.,"designate, appoint, earmark",,Ulott,,,,,
,What he sees in short supply is the time that most people allot to accomplishing something worthwhile.,"dole, assign, apportion",,Uhlot,,,,,
,Not every museum has space the size of a football field to allot to a one-person show.,"designate, budget, slice",,Uhlott,,,,,
,"In each case, that was as much time as the candidates would allot.","share, cut, distribute",,Uhllot,,,,,
,Comments are invited on the formula used to allot funds to the outlying areas.,"earmark, appoint, designate",,Ullot,,,,,
,Keep the smile on your face because you have allot to share with so many people.,"dole, allot, apportion",,Ahllot,,,,,
Aloof,To the Greeks the gods seemed equally close and equally aloof.,"detached, apart, indifferent","(adv.) at a distance, especially in feeling or interest; apart",Aloof,,,,,
,His avuncular manner and unpredictable chuckle made him the antithesis of an aloof scientist.,"chilly, cold, casual",(adj.) reserved or reticent; indifferent; disinterested:,Ahloof,,,,,
,That humility made her approachable rather than aloof .,"distant, offish, laid back",,Ahlloof,,,,,
,More mysterious was his aloof management style within his own team.,"unresponsive, unfriendly, unsympathetic",,Ahlooff,,,,,
,She appeared aloof and sometimes refused to shake hands with admirers.,"reserved, secluded, standoffish",,Uhloof,,,,,
,"She found them aloof and difficult to contact, however, because none of them posted office hours.","unsociable, unfriendly, unconcerned",,Uhlloof,,,,,
,"However aloof they may seem, they're not indifferent.","indifferent, forbidding, loner",,Uhlooff,,,,,
,"He was friendly but aloof, a thoughtful fellow toiling in the shade of mystique.","haughty, distant, detached",,Uloof,,,,,
,"For years science has maintained a rather aloof stance toward domestic animals in general, and toward dogs in particular.","unapproachable, withdrawn, indifferent",,Uloof,,,,,
,"Contemporaries often found him aloof, standoffish, and cantankerous and his mannerisms and diction inscrutable.","unresponsive, unsociable, haughty",,Ulloof,,,,,
Amiss,"They also discuss typical side-effects of surgery, the signs when something's going amiss and what to expect during recovery.","awry, crooked, erroneous","(adv.) out of the right or proper course, order, or condition; improperly; wrongly; astray",Amiss,,,,,
,"Things really do go bump in the dark, and the baby and family dog figure out that something is amiss long before the adults do.","improper, faulty, false","(adj.) improper; wrong; faulty:

",Ammiss,,,,,
,There is something seriously amiss here and it has nothing to do with science.,"untoward, confused, erring",,Amis,,,,,
,"When a dog is on the street alone, we assume something's amiss.","imperfect, bad, haywire",,Ammis,,,,,
,The only thing amiss is the out-dated system that moves the money to the content creators.,"erroneous, innacurate, foul",,Uhmiss,,,,,
,"If they are incorrect, they assume something is amiss with the universe, which is unlikely.","faulty, flawed, false",,Uhmis,,,,,
,It's possible to point out something amiss without judging the people concerned.,"mistaken, out of order, unlawful",,Uhmmis,,,,,
,But often there is something amiss when a middle-income country has such a rich currency.,"improperly, mistakenly, out of turn",,Uhmmiss,,,,,
,"In the case presented, this was the first sign that something was amiss: the patient was not breathing properly.","defective, unsuitable, untoward",,Emiss,,,,,
,What makes a property flip illegal is when there is something amiss in the transaction.,"fallicious, erroneous, erring",,Emmiss,,,,,
Analogy,Most espionage fiction of recent years bears a conscious analogy to a chess game.,"correspondence, equivalence, parallel","(n.) a similarity between like features of two things, on which a comparison may be based",Analogy,,,,,
,The analogy of a high-wire walker inspires women to find order in their lives.,"comparison, alikeness, affinity",,Anallogy,,,,,
,She drew an analogy between this enterprise and the local infatuation with all things 80's.,"correlation, relation, homology",,Annalogy,,,,,
,The analogy between cars and computers can't be taken too far.,"metaphor, resemblance, semblance",,Annallogy,,,,,
,The advantage of a sports analogy is respect for accurate reporting of facts.,"simile, similitude, relationship",,Analagy,,,,,
,A more apt analogy would be an aquarium or a zoo: a place for special trips.,"relation, equivalence, correspondence",,Annalagy,,,,,
,"In the Biblical perspective, man's love is an imperfect analogy, marred by sin, of God's perfect and self-giving love.","parallel, homology, likeness",,Anallagy,,,,,
,"In her poem, the poet used the analogy of comparing love to an endless well.","correlation, comparison, relation",,Annallagy,,,,,
,My grandmother has a church analogy for every situation that has occurred in her life.,"semblance, affinity, relationship",,Anallugy,,,,,
,"When my brother made a vulgar analogy in health class, he got afterschool detention.","comparison, similitude, equivalence",,Annallugy,,,,,
Anarchy,"If we are not frightened of total anarchy, we do not need the controlling authority.","chaos, confusion, rebellion","(n.) a state of society without government or law;
political and social disorder due to the absence of governmental control",Anarchy,,,,,
,The Internet may be the most successful example of anarchy ever known.,"riot, turmoil, disregard",,Annarchy,,,,,
,These small disputes could spawn regional warfare and promote anarchy.,"nihilism, hostility, unrest",,Anarrchy,,,,,
,"Lawyers, of all people, should agree that law and order are preferable to anarchy.","disorganization, misrule, revolution",,Annarrchy,,,,,
,Plainly the central idea of secession is the essence of anarchy.,"confusion, disorder, nongovernment",,Anarky,,,,,
,"Even after his release, the downward trajectory of his life continues, while the country itself plunges toward anarchy.","chaos, disregard, hostility",,Annarky,,,,,
,"Pirate life seemed a medley of indulgence and strict equity, mockery and idealism, anarchy and discipline.","confusion, unrest, nihilism",,Anarrky,,,,,
,They accused me of instigating anarchy and refusing to obey the law.,"riot, turmoil, misrule",,Annarrky,,,,,
,And indeed there's a significant chance that they will indeed collapse and the country will devolve into anarchy.,"revolution, rebellion, disorder",,Anarkee,,,,,
,"But the result is neither lawless anarchy, the war of all against all, nor the tyrannical abrogation of law.","disorganization, hostility, chaos",,Anarchee,,,,,
Antics,"He has managed to avoid teenage antics in residence halls, since.","joke, caper, frolic","(n.) a playful trick or prank, caper;
a grotesque, fantastic, or ludicrous gesture, act, or posture.",Antics,,,,,
,The antics of the cubs and the show of affection by the lionesses was amazing to watch up close.,"shenanigan, lark, tomfoolery",,Anntics,,,,,
,"Their antics set the treetops in motion, shaking and swaying along the shore as if they had sprung to life.","trick, romp, joke",,Antiks,,,,,
,The idea was that you'd draw attention to yourself with your outrage and your outrageous antics.,"frivolity, crank, stunt",,Anntiks,,,,,
,All of the office interns went out for drinks and such tonight and had a group chuckle about the antics of the hiring committee.,"shenanigan, brainstorm, aberration",,Anticcs,,,,,
,Being a lawyer makes a judge partial to a lawyers antics.,"tomfoolery, buffoonery, caper",,Annticcs,,,,,
,Thats the smile of a patient teacher familiar with the antics of rowdy students.,"trick, lark, jest",,Antikks,,,,,
,All our critters get names for reasons related to personal affinities and animal antics.,"clowning, foolishness, horseplay",,Anntikks,,,,,
,"We have a twenty month golden retriever, full of energy and life and funny antics.","mischief, nonsense, pranks",,Entics,,,,,
,They sit around in the coffee shop drinking tea and chuckling over the antics of the reporters.,"adventures, brainstorm, charades",,Enntics,,,,,
Apprehend,Orders had been sent to apprehend the fugitives.,"arrest, percieve, understand","(v.) to take into custody; arrest by legal warrant or authority; to grasp the meaning of, understand, especially intuitively, perceive; to understand.",Apprehend,,,,,
,During that time the police failed to apprehend the man.,"catch, nab, collar",,Aprehend,,,,,
,All people believe they apprehend the world in a rational way.,"accept, appreciate, believe",,Apprehendd,,,,,
,Baseball is considerably less difficult to apprehend than long division or decimals.,"comprehend, concieve, catch",,Aprehendd,,,,,
,It is the embracing and domination of a situation in order to apprehend the cosmos by process of coming to terms with it.,"fathom, grasp, imagine",,Epprehend,,,,,
,City officials immediately set efforts in motion to apprehend the wrongly accused man in prison.,"bust, capture, seize",,Eprehend,,,,,
,"When the police showed up at the apartment to apprehend the stolen property, they found the drugs too.","grab, nab, nail",,Epprehendd,,,,,
,US border authorities no longer apprehend illegal immigrants only as they enter the country.,"arrest, catch, collar",,Eprehendd,,,,,
,If the police are called the police should come ready to apprehend the intruder.,"take in, run in, bag",,Apprihend,,,,,
,"Then events race out ahead of thought and word, which stumble blindly behind in a world they cannot apprehend.","percieve, read, realize",,Aprihend,,,,,
Ardent,The young cosmetics salesman now is discovering that women are ardent shoppers.,"avid, blazing, passionate","(adj.) having, expressive of, or characterized by intense feeling, passionate, fervent; intensely devoted, eager, or enthusiastic, zealous",Ardent,,,,,
,"The software is not flawless, even its most ardent supporters admit.","devoted, resolute, allegiant",,Arrdent,,,,,
,Yet even ardent critics of the government admit that much has improved.,"constant, faithful, steadfast",,Arddent,,,,,
,The residents at Marco's apartment complex are a soccer-crazed nation's most ardent fans.,"passionate, vehement, eager",,Ardentt,,,,,
,Those peaceful remarks have not satisfied even the most ardent opponents of the war.,"fierce, intense, fiery",,Ardentt,,,,,
,Ardent label readers scan nutritional labels for ingredients that they don't want in their diet.,"fervent, fervid, keen",,Arddentt,,,,,
,"His ardent backers spout not ideology, but faith in his goodness.","true, devoted, resolute",,Ardint,,,,,
,We always look forward to a new administration with ardent anticipations.,"impassioned, zealous, hungry",,Arrdint,,,,,
,Early ardent sentiments of piety seemed to have prevented in her the use of reason.,"excited, warm, animated",,Arddint,,,,,
,Ardent environmentalists and hardened sceptics recycle at the same rate.,"spirited, blazing, vehement",,Ardintt,,,,,
Articulate,Learning how to articulate a question is an important life skill.,"state, talk, verbalize","(adj.) uttered clearly in distinct syllables;
capable of speech; not speechless.",Articulate,,,,,
,"He is well-dressed, articulate and eager to escape.","comprehensible, expressive, fluent","(v.) to utter clearly and distinctly; pronounce with clarity; to pronounce clearly each of a succession of speech sounds, syllables, or words, enunciate",Arrticulate,,,,,
,I'm struggling to articulate my thoughts as well.,"enunciate, express, utter",,Artikulate,,,,,
,The tour was fascinating and the people couldn't have been nicer or more articulate.,"clear, eloquent, fluent",,Arrtikulate,,,,,
,"The president is more articulate than he is often held to be, but he is not an orator.","definite, distinct, coherent",,Articulayt,,,,,
,"Eric is bright, articulate, and seems utterly at peace with himself and the world.","expressive, spoken, lucid",,Artikulayt,,,,,
,He's able to articulate what local weavers need and want and what travelers need and want.,"vocalize, voice, utter",,Arrtikulayt,,,,,
,It would take me a long time to articulate my thoughts into words.,,,Arrticulayt,,,,,
,"His biggest failure, however, is his inability to articulate a plausible alternative to the system he loathes.",,,Erticulate,,,,,
,"Instead of banning words, radio bosses would do better to hire more engaging and articulate presenters.",,,Errticulate,,,,,
Assail,Some critics were quick to assail the new policy as inadequate.,,"(v.) to attack vigorously or violently, assault; to attack with arguments, criticism, ridicule, abuse, etc.",Assail,bash,compliment,,,
,The thing to remember when such fears assail you is that bad health is not inevitable at any age.,,,Asail,berate,praise,,,
,"She did this to defend herself, and not to assail the plaintiff.",,,Assaill,blast,uphold,,,
,"If anyone ever talks negatively about Alex’s father, his response is to assail the person with insults.",,,Asaill,criticize,,,,
,"When difficult circumstances assail my tranquility, I turn to meditation.",,,Aseyl,impugn,,,,
Assimilate,Anthony can assimilate without discarding his heritage.,,"(v.) to take in and incorporate as one's own, absorb; to bring into conformity with the customs, attitudes, etc., of a group, nation, or the like, adapt or adjust, to conform or adjust to the customs, attitudes, etc., of a group, nation, or the like",Assimilate,,,,,
,Regular reading and thinking about the style and mechanics will help you assimilate important language skills.,,,Assimmilate,,,,,
,Cultures lacking depth are more easily able to assimilate newcomers.,,,Assimillate,,,,,
,,,,Assimmillate,,,,,
,,,,Asimilate,,,,,
,,,,Asimmilate,,,,,
,,,,Asimillate,,,,,
,,,,Asimmillate,,,,,
,,,,Assimalate,,,,,
,,,,Asimalate,,,,,
Atrocity,,,"(n.) the quality or state of being atrocious; an atrocious act, thing, or circumstance.",Atrocity,,,,,
,,,,Atrosity,,,,,
,,,,Atrocitee,,,,,
,,,,Atrositee,,,,,
,,,,Attrocity,,,,,
,,,,Attrosity,,,,,
,,,,Attrocitee,,,,,
,,,,Attrositee,,,,,
,,,,Atrocitty,,,,,
,,,,Atrositty,,,,,
Attribute,,,,Attribute,,,,,
,,,,Atribute,,,,,
,,,,Attriboot,,,,,
,,,,Atriboot,,,,,
,,,,Attributte,,,,,
,,,,Atributte,,,,,
,,,,Atriboott,,,,,
,,,,Attriboott,,,,,
,,,,Atribyut,,,,,
,,,,Atribyutt,,,,,
Audacious,,,"(adj.) extremely bold or daring; recklessly brave, fearless; an audacious explorer.; extremely original; without restriction to prior ideas, highly inventive",Audacious,,,,,
,,,,Audashus,,,,,
,,,,Audeycious,,,,,
,,,,Awdacious,,,,,
,,,,Awdashus,,,,,
,,,,Awdashis,,,,,
,,,,Awdeycious,,,,,
,,,,Awdeyshus,,,,,
,,,,Audeyshus,,,,,
,,,,Audashuys,,,,,
Augment,,,"(v.) to make larger; enlarge in size, number, strength, or extent; increase",Augment,,,,,
,,,,Agment,,,,,
,,,,Augmentt,,,,,
,,,,Agmentt,,,,,
,,,,Augmint,,,,,
,,,,Agmint,,,,,
,,,,Augmintt,,,,,
,,,,Agmintt,,,,,
,,,,Awgment,,,,,
,,,,Awgmentt,,,,,
Avail,,,(v.) to be of use or value to; profit; advantage:,Avail,,,,,
,,,(n.) advantage; use; efficacy; effective use in the achievement of a goal or objective:,Avvail,,,,,
,,,,Availl,,,,,
,,,,Avvaill,,,,,
,,,,Evail,,,,,
,,,,Evvail,,,,,
,,,,Evaill,,,,,
,,,,Evvaill,,,,,
,,,,Avayl,,,,,
,,,,Avvayl,,,,,
Avid,,,(adj.) showing great enthusiasm for or interest in; extremely desirous (often followed by for or sometimes of),Avid,,,,,
,,,,Avidd,,,,,
,,,,Avvid,,,,,
,,,,Avvidd,,,,,
,,,,Avyd,,,,,
,,,,Avydd,,,,,
,,,,Avvyd,,,,,
,,,,Avvydd,,,,,
,,,,Evid,,,,,
,,,,Evvid,,,,,
Awry,,,(adj.) with a turn or twist to one side; askew; away from the expected or proper direction; amiss; wrong,Awry,,,,,
,,,,Awwry,,,,,
,,,,Awrie,,,,,
,,,,Awwrie,,,,,
,,,,Awray,,,,,
,,,,Awwray,,,,,
,,,,Uhry,,,,,
,,,,Uhrie,,,,,
,,,,Uhrray,,,,,
,,,,Uhray,,,,,
Balmy,,,(adj.) mild and refreshing; soft; soothing; aromatic; fragrant,Balmy,,,,,
,,,,Bamy,,,,,
,,,,Bahmy,,,,,
,,,,Bahmee,,,,,
,,,,Balmee,,,,,
,,,,Bamee,,,,,
,,,,Balmay,,,,,
,,,,Bamay,,,,,
,,,,Bahmay,,,,,
,,,,Balmeey,,,,,
Banter,,,"(n.) an exchange of light, playful, teasing remarks; good-natured raillery.",Banter,,,,,
,,,"(v.) tease, chaff",Bannter,,,,,
,,,,Bannterr,,,,,
,,,,Bantter,,,,,
,,,,Bantterr,,,,,
,,,,Bantur,,,,,
,,,,Banntur,,,,,
,,,,Bannturr,,,,,
,,,,Banttur,,,,,
,,,,Bantturr,,,,,
Barter,,,"(v.) to exchange in trade, as one commodity for another, trade; to bargain away unwisely or dishonorably (usually followed by away)",Barter,,,,,
,,,(n.) the act or practice of bartering.,Barrter,,,,,
,,,,Barterr,,,,,
,,,,Barrterr,,,,,
,,,,Bahrter,,,,,
,,,,Bahrrter,,,,,
,,,,Bahrterr,,,,,
,,,,Bahrrterr,,,,,
,,,,Bartur,,,,,
,,,,Bahrtur,,,,,
Benign,,,"(adj.) having a kindly disposition, gracious; showing or expressive of gentleness or kindness",Benign,,,,,
,,,,Benignn,,,,,
,,,,Benahyn,,,,,
,,,,Benahynn,,,,,
,,,,Behnign,,,,,
,,,,Behnignn,,,,,
,,,,Behnahyn,,,,,
,,,,Behnahynn,,,,,
,,,,Bihnign,,,,,
,,,,Bihnayn,,,,,
Bizarre,,,"(adj.) markedly unusual in appearance, style, or general character and often involving incongruous or unexpected elements; outrageously or whimsically strange; odd",Bizarre,,,,,
,,,,Bizzarre,,,,,
,,,,Bizar,,,,,
,,,,Bizarr,,,,,
,,,,Bizzarr,,,,,
,,,,Bizahr,,,,,
,,,,Bizzahr,,,,,
,,,,Bizahrr,,,,,
,,,,Bizzahrr,,,,,
,,,,Bihzar,,,,,
Blasé,,,"(adj.) indifferent to or bored with life; unimpressed, as or as if from an excess of worldly pleasures.",Blasé,,,,,
,,,,Blahsey,,,,,
,,,,Blaseé,,,,,
,,,,Blahseé,,,,,
,,,,Blahzey,,,,,
,,,,Blazey,,,,,
,,,,Blazhey,,,,,
,,,,Blahzhey,,,,,
,,,,Blasey,,,,,
,,,,Blahsay,,,,,
Bonanza,,,"(n.) a rich mass of ore, as found in mining; a source of great and sudden wealth or luck; a spectacular windfall",Bonanza,,,,,
,,,,Bonahnza,,,,,
,,,,Bonanzuh,,,,,
,,,,Bonahnzuh,,,,,
,,,,Buhnanza,,,,,
,,,,Buhnahnza,,,,,
,,,,Buhnanzuh,,,,,
,,,,Buhnahnzuh,,,,,
,,,,Bonaanza,,,,,
,,,,Bonaanzuh,,,,,
Bountiful,,,"(adj.) liberal in bestowing gifts, favors, or bounties; munificent; generous; abundant; ample",Bountiful,,,,,
,,,,Bounteeful,,,,,
,,,,Bountuhful,,,,,
,,,,Bountifull,,,,,
,,,,Bounteefull,,,,,
,,,,Bountuhfull,,,,,
,,,,Bountifuhl,,,,,
,,,,Bounteefuhl,,,,,
,,,,Bountuhfuhl,,,,,
,,,,Boontiful,,,,,
Cache,,,"(n.) a hiding place, especially one in the ground, for ammunition, food, treasures, etc.",Cache,,,,,
,,,,Cashe,,,,,
,,,,Kash,,,,,
,,,,Cach,,,,,
,,,,Kashe,,,,,
,,,,Kaash,,,,,
,,,,Caash,,,,,
,,,,Caache,,,,,
,,,,Caashe,,,,,
,,,,Kaashe,,,,,
Capacious,,,(adj.) capable of holding much; spacious or roomy,Capacious,,,,,
,,,,Cappacious,,,,,
,,,,Capashus,,,,,
,,,,Cappashus,,,,,
,,,,Kuhpacious,,,,,
,,,,Kuhppacious,,,,,
,,,,Kuhpashus,,,,,
,,,,Kuhppashus,,,,,
,,,,Capeycious,,,,,
,,,,Capeyshus,,,,,
Caption,,,"(n.) a title or explanation for a picture or illustration, especially in a magazine; a heading or title, as of a chapter, article, or page",Caption,,,,,
,,,(v.) to supply a caption or captions for; entitle,Capshun,,,,,
,,,,Kaption,,,,,
,,,,Kapshun,,,,,
,,,,Capption,,,,,
,,,,Cappshun,,,,,
,,,,Kapption,,,,,
,,,,Kaption,,,,,
,,,,,,,,,
,,,,,,,,,
Chastise,,,,,,,,,
,,,,,,,,,
,,,,,,,,,
,,,,,,,,,
,,,,,,,,,
,,,,,,,,,
,,,,,,,,,
,,,,,,,,,
,,,,,,,,,
,,,,,,,,,
Citadel,,,,,,,,,
,,,,,,,,,
,,,,,,,,,
,,,,,,,,,
,,,,,,,,,
,,,,,,,,,
,,,,,,,,,
,,,,,,,,,
,,,,,,,,,
,,,,,,,,,
Cite,,,,,,,,,
,,,,,,,,,
,,,,,,,,,
,,,,,,,,,
,,,,,,,,,
,,,,,,,,,
,,,,,,,,,
,,,,,,,,,
,,,,,,,,,
,,,,,,,,,
Clad,,,,,,,,,
,,,,,,,,,
,,,,,,,,,
,,,,,,,,,
,,,,,,,,,
,,,,,,,,,
,,,,,,,,,
,,,,,,,,,
,,,,,,,,,
,,,,,,,,,
Clarify,,,,,,,,,
,,,,,,,,,
,,,,,,,,,
,,,,,,,,,
,,,,,,,,,
,,,,,,,,,
,,,,,,,,,
,,,,,,,,,
,,,,,,,,,
,,,,,,,,,
Commemorate,,,,,,,,,
,,,,,,,,,
,,,,,,,,,
,,,,,,,,,
,,,,,,,,,
,,,,,,,,,
,,,,,,,,,
,,,,,,,,,
,,,,,,,,,
,,,,,,,,,
Component,,,,,,,,,
,,,,,,,,,
,,,,,,,,,
,,,,,,,,,
,,,,,,,,,
,,,,,,,,,
,,,,,,,,,
,,,,,,,,,
,,,,,,,,,
,,,,,,,,,
Concept,,,,,,,,,
,,,,,,,,,
,,,,,,,,,
,,,,,,,,,
,,,,,,,,,
,,,,,,,,,
,,,,,,,,,
,,,,,,,,,
,,,,,,,,,
,,,,,,,,,
Confiscate,,,,,,,,,
,,,,,,,,,
,,,,,,,,,
,,,,,,,,,
,,,,,,,,,
,,,,,,,,,
,,,,,,,,,
,,,,,,,,,
,,,,,,,,,
,,,,,,,,,
Conoisseur,,,,,,,,,
,,,,,,,,,
,,,,,,,,,
,,,,,,,,,
,,,,,,,,,
,,,,,,,,,
,,,,,,,,,
,,,,,,,,,
,,,,,,,,,
,,,,,,,,,
Conscientious,,,,,,,,,
,,,,,,,,,
,,,,,,,,,
,,,,,,,,,
,,,,,,,,,
,,,,,,,,,
,,,,,,,,,
,,,,,,,,,
,,,,,,,,,
,,,,,,,,,
Conservative,,,,,,,,,
,,,,,,,,,
,,,,,,,,,
,,,,,,,,,
,,,,,,,,,
,,,,,,,,,
,,,,,,,,,
,,,,,,,,,
,,,,,,,,,
,,,,,,,,,
Contagious,,,,,,,,,
,,,,,,,,,
,,,,,,,,,
,,,,,,,,,
,,,,,,,,,
,,,,,,,,,
,,,,,,,,,
,,,,,,,,,
,,,,,,,,,
,,,,,,,,,
Conventional,,,,,,,,,
,,,,,,,,,
,,,,,,,,,
,,,,,,,,,
,,,,,,,,,
,,,,,,,,,
,,,,,,,,,
,,,,,,,,,
,,,,,,,,,
,,,,,,,,,
Convey,,,,,,,,,
,,,,,,,,,
,,,,,,,,,
,,,,,,,,,
,,,,,,,,,
,,,,,,,,,
,,,,,,,,,
,,,,,,,,,
,,,,,,,,,
,,,,,,,,,
Crucial,,,,,,,,,
,,,,,,,,,
,,,,,,,,,
,,,,,,,,,
,,,,,,,,,
,,,,,,,,,
,,,,,,,,,
,,,,,,,,,
,,,,,,,,,
,,,,,,,,,
Crusade,,,,,,,,,
,,,,,,,,,
,,,,,,,,,
,,,,,,,,,
,,,,,,,,,
,,,,,,,,,
,,,,,,,,,
,,,,,,,,,
,,,,,,,,,
,,,,,,,,,
Culminate,,,,,,,,,
,,,,,,,,,
,,,,,,,,,
,,,,,,,,,
,,,,,,,,,
,,,,,,,,,
,,,,,,,,,
,,,,,,,,,
,,,,,,,,,
,,,,,,,,,
Deceptive,,,,,,,,,
,,,,,,,,,
,,,,,,,,,
,,,,,,,,,
,,,,,,,,,
,,,,,,,,,
,,,,,,,,,
,,,,,,,,,
,,,,,,,,,
,,,,,,,,,
Decipher,,,,,,,,,
,,,,,,,,,
,,,,,,,,,
,,,,,,,,,
,,,,,,,,,
,,,,,,,,,
,,,,,,,,,
,,,,,,,,,
,,,,,,,,,
,,,,,,,,,
Decree,,,,,,,,,
,,,,,,,,,
,,,,,,,,,
,,,,,,,,,
,,,,,,,,,
,,,,,,,,,
,,,,,,,,,
,,,,,,,,,
,,,,,,,,,
,,,,,,,,,
Deface,,,,,,,,,
,,,,,,,,,
,,,,,,,,,
,,,,,,,,,
,,,,,,,,,
,,,,,,,,,
,,,,,,,,,
,,,,,,,,,
,,,,,,,,,
,,,,,,,,,
Defect,,,,,,,,,
,,,,,,,,,
,,,,,,,,,
,,,,,,,,,
,,,,,,,,,
,,,,,,,,,
,,,,,,,,,
,,,,,,,,,
,,,,,,,,,
,,,,,,,,,
Deplore,,,,,,,,,
,,,,,,,,,
,,,,,,,,,
,,,,,,,,,
,,,,,,,,,
,,,,,,,,,
,,,,,,,,,
,,,,,,,,,
,,,,,,,,,
,,,,,,,,,
Deploy,,,,,,,,,
,,,,,,,,,
,,,,,,,,,
,,,,,,,,,
,,,,,,,,,
,,,,,,,,,
,,,,,,,,,
,,,,,,,,,
,,,,,,,,,
,,,,,,,,,
Desist,,,,,,,,,
,,,,,,,,,
,,,,,,,,,
,,,,,,,,,
,,,,,,,,,
,,,,,,,,,
,,,,,,,,,
,,,,,,,,,
,,,,,,,,,
,,,,,,,,,
Desolate,,,,,,,,,
,,,,,,,,,
,,,,,,,,,
,,,,,,,,,
,,,,,,,,,
,,,,,,,,,
,,,,,,,,,
,,,,,,,,,
,,,,,,,,,
,,,,,,,,,
Deter,,,,,,,,,
,,,,,,,,,
,,,,,,,,,
,,,,,,,,,
,,,,,,,,,
,,,,,,,,,
,,,,,,,,,
,,,,,,,,,
,,,,,,,,,
,,,,,,,,,
Dialect,,,,,,,,,
,,,,,,,,,
,,,,,,,,,
,,,,,,,,,
,,,,,,,,,
,,,,,,,,,
,,,,,,,,,
,,,,,,,,,
,,,,,,,,,
,,,,,,,,,
Dire,,,,,,,,,
,,,,,,,,,
,,,,,,,,,
,,,,,,,,,
,,,,,,,,,
,,,,,,,,,
,,,,,,,,,
,,,,,,,,,
,,,,,,,,,
,,,,,,,,,
Discern,,,,,,,,,
,,,,,,,,,
,,,,,,,,,
,,,,,,,,,
,,,,,,,,,
,,,,,,,,,
,,,,,,,,,
,,,,,,,,,
,,,,,,,,,
,,,,,,,,,
Disdain,,,,,,,,,
,,,,,,,,,
,,,,,,,,,
,,,,,,,,,
,,,,,,,,,
,,,,,,,,,
,,,,,,,,,
,,,,,,,,,
,,,,,,,,,
,,,,,,,,,
Disgruntled,,,,,,,,,
,,,,,,,,,
,,,,,,,,,
,,,,,,,,,
,,,,,,,,,
,,,,,,,,,
,,,,,,,,,
,,,,,,,,,
,,,,,,,,,
,,,,,,,,,
Dispatch,,,,,,,,,
,,,,,,,,,
,,,,,,,,,
,,,,,,,,,
,,,,,,,,,
,,,,,,,,,
,,,,,,,,,
,,,,,,,,,
,,,,,,,,,
,,,,,,,,,
Disposition,,,,,,,,,
,,,,,,,,,
,,,,,,,,,
,,,,,,,,,
,,,,,,,,,
,,,,,,,,,
,,,,,,,,,
,,,,,,,,,
,,,,,,,,,
,,,,,,,,,
Doctrine,,,,,,,,,
,,,,,,,,,
,,,,,,,,,
,,,,,,,,,
,,,,,,,,,
,,,,,,,,,
,,,,,,,,,
,,,,,,,,,
,,,,,,,,,
,,,,,,,,,
Dub,,,,,,,,,
,,,,,,,,,
,,,,,,,,,
,,,,,,,,,
,,,,,,,,,
,,,,,,,,,
,,,,,,,,,
,,,,,,,,,
,,,,,,,,,
,,,,,,,,,
Durable,,,,,,,,,
,,,,,,,,,
,,,,,,,,,
,,,,,,,,,
,,,,,,,,,
,,,,,,,,,
,,,,,,,,,
,,,,,,,,,
,,,,,,,,,
,,,,,,,,,
Eccentric,,,,,,,,,
,,,,,,,,,
,,,,,,,,,
,,,,,,,,,
,,,,,,,,,
,,,,,,,,,
,,,,,,,,,
,,,,,,,,,
,,,,,,,,,
,,,,,,,,,
Elite,,,,,,,,,
,,,,,,,,,
,,,,,,,,,
,,,,,,,,,
,,,,,,,,,
,,,,,,,,,
,,,,,,,,,
,,,,,,,,,
,,,,,,,,,
,,,,,,,,,
Embargo,,,,,,,,,
,,,,,,,,,
,,,,,,,,,
,,,,,,,,,
,,,,,,,,,
,,,,,,,,,
,,,,,,,,,
,,,,,,,,,
,,,,,,,,,
,,,,,,,,,
Embark,,,,,,,,,
,,,,,,,,,
,,,,,,,,,
,,,,,,,,,
,,,,,,,,,
,,,,,,,,,
,,,,,,,,,
,,,,,,,,,
,,,,,,,,,
,,,,,,,,,
Encroach,,,,,,,,,
,,,,,,,,,
,,,,,,,,,
,,,,,,,,,
,,,,,,,,,
,,,,,,,,,
,,,,,,,,,
,,,,,,,,,
,,,,,,,,,
,,,,,,,,,
Endeavor,,,,,,,,,
,,,,,,,,,
,,,,,,,,,
,,,,,,,,,
,,,,,,,,,
,,,,,,,,,
,,,,,,,,,
,,,,,,,,,
,,,,,,,,,
,,,,,,,,,
Enhance,,,,,,,,,
,,,,,,,,,
,,,,,,,,,
,,,,,,,,,
,,,,,,,,,
,,,,,,,,,
,,,,,,,,,
,,,,,,,,,
,,,,,,,,,
,,,,,,,,,
Enigma,,,,,,,,,
,,,,,,,,,
,,,,,,,,,
,,,,,,,,,
,,,,,,,,,
,,,,,,,,,
,,,,,,,,,
,,,,,,,,,
,,,,,,,,,
,,,,,,,,,
Epoch,,,,,,,,,
,,,,,,,,,
,,,,,,,,,
,,,,,,,,,
,,,,,,,,,
,,,,,,,,,
,,,,,,,,,
,,,,,,,,,
,,,,,,,,,
,,,,,,,,,
Era,,,,,,,,,